{"cameraMode":{"drawMode":0,"name":"Shaded","section":"Shading Mode"},"sceneLighting":false,"audioPlay":false,"sceneViewState":{"showFog":true,"showMaterialUpdate":true,"showSkybox":false,"showFlares":true,"showImageEffects":true,"showParticleSystems":true},"in2DMode":false,"pivot":{"x":0.0,"y":0.009999999776482582,"z":12.100000381469727},"rotation":{"x":-0.0891687422990799,"y":0.3344336748123169,"z":-0.031803932040929797,"w":-0.9376782178878784},"size":2.3334522247314455,"orthographic":false}