{"cameraMode":{"drawMode":0,"name":"Shaded","section":"Shading Mode"},"sceneLighting":true,"audioPlay":false,"sceneViewState":{"showFog":true,"showMaterialUpdate":true,"showSkybox":true,"showFlares":true,"showImageEffects":true,"showParticleSystems":true},"in2DMode":false,"pivot":{"x":-1.6670101881027222,"y":-12.56278133392334,"z":9.067441940307618},"rotation":{"x":-0.4937521517276764,"y":0.4520513415336609,"z":-0.33715102076530459,"w":-0.6620461940765381},"size":30.83048439025879,"orthographic":false}