{"cameraMode":{"drawMode":0,"name":"Shaded","section":"Shading Mode"},"sceneLighting":false,"audioPlay":false,"sceneViewState":{"showFog":true,"showMaterialUpdate":true,"showSkybox":false,"showFlares":true,"showImageEffects":true,"showParticleSystems":true},"in2DMode":false,"pivot":{"x":-1.23377525806427,"y":0.8535351753234863,"z":-1.0363792181015015},"rotation":{"x":-0.45107191801071169,"y":0.0339798778295517,"z":-0.017209850251674653,"w":-0.8917258381843567},"size":22.0,"orthographic":false}